<?xml version="1.0" encoding="UTF-8"?>
<project-private xmlns="http://www.netbeans.org/ns/project-private/1">
    <editor-bookmarks xmlns="http://www.netbeans.org/ns/editor-bookmarks/2" lastBookmarkId="0"/>
    <open-files xmlns="http://www.netbeans.org/ns/projectui-open-files/2">
        <group>
            <file>file:/C:/xampp/htdocs/payroll/partials/topnav.php</file>
            <file>file:/C:/xampp/htdocs/payroll/partials/01%20LOGIN%20DETAILS%20&amp;%20PROJECT%20INFO.txt</file>
            <file>file:/C:/xampp/htdocs/payroll/partials/sidenav.php</file>
            <file>file:/C:/xampp/htdocs/payroll/settings.php</file>
            <file>file:/C:/xampp/htdocs/payroll/config.php</file>
            <file>file:/C:/xampp/htdocs/payroll/employees.php</file>
        </group>
    </open-files>
</project-private>
